run_id,experiment_id,solver_name,model_name,task_id,test_example_id,attempt,benchmark_name,pack_id,parse_status,is_exact_match,failure_mode,cell_accuracy,latency_ms
20260716T155616Z_opencode-glm-5.2_15691f67,pilot-glm52-agi2-n120,opencode-glm-5.2,glm-5.2,0934a4d8,1,1,ARC-AGI-2,arc_agi_2,invalid_grid,,parse_error,,129177.5861430001
20260716T155616Z_opencode-glm-5.2_15691f67,pilot-glm52-agi2-n120,opencode-glm-5.2,glm-5.2,135a2760,1,1,ARC-AGI-2,arc_agi_2,no_json_array,,parse_error,,195768.03903400013
20260716T155616Z_opencode-glm-5.2_15691f67,pilot-glm52-agi2-n120,opencode-glm-5.2,glm-5.2,136b0064,1,1,ARC-AGI-2,arc_agi_2,invalid_grid,,parse_error,,107997.23576599991
20260716T155616Z_opencode-glm-5.2_15691f67,pilot-glm52-agi2-n120,opencode-glm-5.2,glm-5.2,13e47133,1,1,ARC-AGI-2,arc_agi_2,invalid_grid,,parse_error,,125819.1565370007
20260716T155616Z_opencode-glm-5.2_15691f67,pilot-glm52-agi2-n120,opencode-glm-5.2,glm-5.2,13e47133,2,1,ARC-AGI-2,arc_agi_2,invalid_grid,,parse_error,,145574.95644899973
20260716T155616Z_opencode-glm-5.2_15691f67,pilot-glm52-agi2-n120,opencode-glm-5.2,glm-5.2,142ca369,1,1,ARC-AGI-2,arc_agi_2,invalid_grid,,parse_error,,123237.16534999949
20260716T155616Z_opencode-glm-5.2_15691f67,pilot-glm52-agi2-n120,opencode-glm-5.2,glm-5.2,142ca369,2,1,ARC-AGI-2,arc_agi_2,invalid_grid,,parse_error,,182948.46764500017
20260716T155616Z_opencode-glm-5.2_15691f67,pilot-glm52-agi2-n120,opencode-glm-5.2,glm-5.2,16b78196,1,1,ARC-AGI-2,arc_agi_2,invalid_grid,,parse_error,,83992.98113900021
20260716T155616Z_opencode-glm-5.2_15691f67,pilot-glm52-agi2-n120,opencode-glm-5.2,glm-5.2,16de56c4,1,1,ARC-AGI-2,arc_agi_2,ok,False,shape_error,0.24338624338624337,78594.9502350004
20260716T155616Z_opencode-glm-5.2_15691f67,pilot-glm52-agi2-n120,opencode-glm-5.2,glm-5.2,16de56c4,2,1,ARC-AGI-2,arc_agi_2,invalid_grid,,parse_error,,104892.60256999932
20260716T155616Z_opencode-glm-5.2_15691f67,pilot-glm52-agi2-n120,opencode-glm-5.2,glm-5.2,1818057f,1,1,ARC-AGI-2,arc_agi_2,ok,False,shape_error,0.13429752066115702,107705.72137199997
20260716T155616Z_opencode-glm-5.2_15691f67,pilot-glm52-agi2-n120,opencode-glm-5.2,glm-5.2,195c6913,1,1,ARC-AGI-2,arc_agi_2,invalid_grid,,parse_error,,105514.86080300037
20260716T155616Z_opencode-glm-5.2_15691f67,pilot-glm52-agi2-n120,opencode-glm-5.2,glm-5.2,195c6913,2,1,ARC-AGI-2,arc_agi_2,invalid_grid,,parse_error,,101337.223687
20260716T155616Z_opencode-glm-5.2_15691f67,pilot-glm52-agi2-n120,opencode-glm-5.2,glm-5.2,1ae2feb7,1,1,ARC-AGI-2,arc_agi_2,invalid_grid,,parse_error,,101886.22609600044
20260716T155616Z_opencode-glm-5.2_15691f67,pilot-glm52-agi2-n120,opencode-glm-5.2,glm-5.2,1ae2feb7,2,1,ARC-AGI-2,arc_agi_2,invalid_grid,,parse_error,,58675.82373500045
20260716T155616Z_opencode-glm-5.2_15691f67,pilot-glm52-agi2-n120,opencode-glm-5.2,glm-5.2,1ae2feb7,3,1,ARC-AGI-2,arc_agi_2,invalid_grid,,parse_error,,69631.83604700043
20260716T155616Z_opencode-glm-5.2_15691f67,pilot-glm52-agi2-n120,opencode-glm-5.2,glm-5.2,20270e3b,1,1,ARC-AGI-2,arc_agi_2,invalid_grid,,parse_error,,92981.75297099988
20260716T155616Z_opencode-glm-5.2_15691f67,pilot-glm52-agi2-n120,opencode-glm-5.2,glm-5.2,20270e3b,2,1,ARC-AGI-2,arc_agi_2,invalid_grid,,parse_error,,71466.67986600005
20260716T155616Z_opencode-glm-5.2_15691f67,pilot-glm52-agi2-n120,opencode-glm-5.2,glm-5.2,20a9e565,1,1,ARC-AGI-2,arc_agi_2,ok,False,shape_error,0.0,66731.60701600046
20260716T155616Z_opencode-glm-5.2_15691f67,pilot-glm52-agi2-n120,opencode-glm-5.2,glm-5.2,20a9e565,2,1,ARC-AGI-2,arc_agi_2,ok,False,shape_error,0.029411764705882353,62200.276395999936
20260716T155616Z_opencode-glm-5.2_15691f67,pilot-glm52-agi2-n120,opencode-glm-5.2,glm-5.2,21897d95,1,1,ARC-AGI-2,arc_agi_2,ok,False,shape_error,0.015555555555555555,74428.34138800026
20260716T155616Z_opencode-glm-5.2_15691f67,pilot-glm52-agi2-n120,opencode-glm-5.2,glm-5.2,21897d95,2,1,ARC-AGI-2,arc_agi_2,invalid_grid,,parse_error,,100374.65540999983
20260716T155616Z_opencode-glm-5.2_15691f67,pilot-glm52-agi2-n120,opencode-glm-5.2,glm-5.2,221dfab4,1,1,ARC-AGI-2,arc_agi_2,invalid_grid,,parse_error,,79744.34690700036
20260716T155616Z_opencode-glm-5.2_15691f67,pilot-glm52-agi2-n120,opencode-glm-5.2,glm-5.2,221dfab4,2,1,ARC-AGI-2,arc_agi_2,invalid_grid,,parse_error,,47570.62629899974
20260716T155616Z_opencode-glm-5.2_15691f67,pilot-glm52-agi2-n120,opencode-glm-5.2,glm-5.2,247ef758,1,1,ARC-AGI-2,arc_agi_2,invalid_grid,,parse_error,,52366.31707600009
20260716T155616Z_opencode-glm-5.2_15691f67,pilot-glm52-agi2-n120,opencode-glm-5.2,glm-5.2,247ef758,2,1,ARC-AGI-2,arc_agi_2,invalid_grid,,parse_error,,79891.39949499986
20260716T155616Z_opencode-glm-5.2_15691f67,pilot-glm52-agi2-n120,opencode-glm-5.2,glm-5.2,269e22fb,1,1,ARC-AGI-2,arc_agi_2,invalid_grid,,parse_error,,78309.62202099999
20260716T155616Z_opencode-glm-5.2_15691f67,pilot-glm52-agi2-n120,opencode-glm-5.2,glm-5.2,269e22fb,2,1,ARC-AGI-2,arc_agi_2,ok,False,shape_error,0.0,49910.59449899967
20260716T155616Z_opencode-glm-5.2_15691f67,pilot-glm52-agi2-n120,opencode-glm-5.2,glm-5.2,271d71e2,1,1,ARC-AGI-2,arc_agi_2,invalid_grid,,parse_error,,82896.17500199983
20260716T155616Z_opencode-glm-5.2_15691f67,pilot-glm52-agi2-n120,opencode-glm-5.2,glm-5.2,28a6681f,1,1,ARC-AGI-2,arc_agi_2,no_json_array,,parse_error,,80236.45569499968
20260716T155616Z_opencode-glm-5.2_15691f67,pilot-glm52-agi2-n120,opencode-glm-5.2,glm-5.2,291dc1e1,1,1,ARC-AGI-2,arc_agi_2,ok,False,shape_error,0.2152777777777778,73656.55144300035
20260716T155616Z_opencode-glm-5.2_15691f67,pilot-glm52-agi2-n120,opencode-glm-5.2,glm-5.2,2b83f449,1,1,ARC-AGI-2,arc_agi_2,invalid_grid,,parse_error,,103933.89600399951
20260716T155616Z_opencode-glm-5.2_15691f67,pilot-glm52-agi2-n120,opencode-glm-5.2,glm-5.2,2ba387bc,1,1,ARC-AGI-2,arc_agi_2,invalid_grid,,parse_error,,71891.64808199985
20260716T155616Z_opencode-glm-5.2_15691f67,pilot-glm52-agi2-n120,opencode-glm-5.2,glm-5.2,2c181942,1,1,ARC-AGI-2,arc_agi_2,invalid_grid,,parse_error,,58207.44851699965
20260716T155616Z_opencode-glm-5.2_15691f67,pilot-glm52-agi2-n120,opencode-glm-5.2,glm-5.2,2d0172a1,1,1,ARC-AGI-2,arc_agi_2,no_json_array,,parse_error,,62510.65426400055
20260716T155616Z_opencode-glm-5.2_15691f67,pilot-glm52-agi2-n120,opencode-glm-5.2,glm-5.2,2d0172a1,2,1,ARC-AGI-2,arc_agi_2,ok,False,shape_error,0.0,257841.82397299993
20260716T155616Z_opencode-glm-5.2_15691f67,pilot-glm52-agi2-n120,opencode-glm-5.2,glm-5.2,31f7f899,1,1,ARC-AGI-2,arc_agi_2,no_json_array,,parse_error,,64514.41543599958
20260716T155616Z_opencode-glm-5.2_15691f67,pilot-glm52-agi2-n120,opencode-glm-5.2,glm-5.2,332f06d7,1,1,ARC-AGI-2,arc_agi_2,invalid_grid,,parse_error,,76582.703692
20260716T155616Z_opencode-glm-5.2_15691f67,pilot-glm52-agi2-n120,opencode-glm-5.2,glm-5.2,35ab12c3,1,1,ARC-AGI-2,arc_agi_2,invalid_grid,,parse_error,,219443.12681799964
20260716T155616Z_opencode-glm-5.2_15691f67,pilot-glm52-agi2-n120,opencode-glm-5.2,glm-5.2,36a08778,1,1,ARC-AGI-2,arc_agi_2,invalid_grid,,parse_error,,134875.75324800037
20260716T155616Z_opencode-glm-5.2_15691f67,pilot-glm52-agi2-n120,opencode-glm-5.2,glm-5.2,36a08778,2,1,ARC-AGI-2,arc_agi_2,invalid_grid,,parse_error,,80358.60101599974
20260716T155616Z_opencode-glm-5.2_15691f67,pilot-glm52-agi2-n120,opencode-glm-5.2,glm-5.2,38007db0,1,1,ARC-AGI-2,arc_agi_2,invalid_grid,,parse_error,,74036.17969300013
20260716T155616Z_opencode-glm-5.2_15691f67,pilot-glm52-agi2-n120,opencode-glm-5.2,glm-5.2,38007db0,2,1,ARC-AGI-2,arc_agi_2,ok,False,shape_error,0.0,64513.0065580006
20260716T155616Z_opencode-glm-5.2_15691f67,pilot-glm52-agi2-n120,opencode-glm-5.2,glm-5.2,3a25b0d8,1,1,ARC-AGI-2,arc_agi_2,invalid_grid,,parse_error,,51586.30684899981
20260716T155616Z_opencode-glm-5.2_15691f67,pilot-glm52-agi2-n120,opencode-glm-5.2,glm-5.2,3a25b0d8,2,1,ARC-AGI-2,arc_agi_2,invalid_grid,,parse_error,,51121.75841099997
20260716T155616Z_opencode-glm-5.2_15691f67,pilot-glm52-agi2-n120,opencode-glm-5.2,glm-5.2,3dc255db,1,1,ARC-AGI-2,arc_agi_2,invalid_grid,,parse_error,,82842.64303999953
20260716T155616Z_opencode-glm-5.2_15691f67,pilot-glm52-agi2-n120,opencode-glm-5.2,glm-5.2,3e6067c3,1,1,ARC-AGI-2,arc_agi_2,no_json_array,,parse_error,,79564.68476000009
20260716T155616Z_opencode-glm-5.2_15691f67,pilot-glm52-agi2-n120,opencode-glm-5.2,glm-5.2,3e6067c3,2,1,ARC-AGI-2,arc_agi_2,invalid_grid,,parse_error,,80282.69628999988
20260716T155616Z_opencode-glm-5.2_15691f67,pilot-glm52-agi2-n120,opencode-glm-5.2,glm-5.2,409aa875,1,1,ARC-AGI-2,arc_agi_2,invalid_grid,,parse_error,,59800.60835800032
20260716T155616Z_opencode-glm-5.2_15691f67,pilot-glm52-agi2-n120,opencode-glm-5.2,glm-5.2,446ef5d2,1,1,ARC-AGI-2,arc_agi_2,invalid_grid,,parse_error,,127238.84310199901
20260716T155616Z_opencode-glm-5.2_15691f67,pilot-glm52-agi2-n120,opencode-glm-5.2,glm-5.2,446ef5d2,2,1,ARC-AGI-2,arc_agi_2,invalid_grid,,parse_error,,88515.43617099924
20260716T155616Z_opencode-glm-5.2_15691f67,pilot-glm52-agi2-n120,opencode-glm-5.2,glm-5.2,45a5af55,1,1,ARC-AGI-2,arc_agi_2,invalid_grid,,parse_error,,64277.76135199929
20260716T155616Z_opencode-glm-5.2_15691f67,pilot-glm52-agi2-n120,opencode-glm-5.2,glm-5.2,4a21e3da,1,1,ARC-AGI-2,arc_agi_2,invalid_grid,,parse_error,,74822.46440100062
20260716T155616Z_opencode-glm-5.2_15691f67,pilot-glm52-agi2-n120,opencode-glm-5.2,glm-5.2,4c3d4a41,1,1,ARC-AGI-2,arc_agi_2,no_json_array,,parse_error,,74838.21133899983
20260716T155616Z_opencode-glm-5.2_15691f67,pilot-glm52-agi2-n120,opencode-glm-5.2,glm-5.2,4c3d4a41,2,1,ARC-AGI-2,arc_agi_2,invalid_grid,,parse_error,,78476.76751000108
20260716T155616Z_opencode-glm-5.2_15691f67,pilot-glm52-agi2-n120,opencode-glm-5.2,glm-5.2,4c416de3,1,1,ARC-AGI-2,arc_agi_2,invalid_grid,,parse_error,,95479.90140599904
20260716T155616Z_opencode-glm-5.2_15691f67,pilot-glm52-agi2-n120,opencode-glm-5.2,glm-5.2,4c7dc4dd,1,1,ARC-AGI-2,arc_agi_2,ok,False,shape_error,0.24,40427.448115000516
20260716T155616Z_opencode-glm-5.2_15691f67,pilot-glm52-agi2-n120,opencode-glm-5.2,glm-5.2,4c7dc4dd,2,1,ARC-AGI-2,arc_agi_2,ok,False,shape_error,0.0,49062.992503000714
20260716T155616Z_opencode-glm-5.2_15691f67,pilot-glm52-agi2-n120,opencode-glm-5.2,glm-5.2,4e34c42c,1,1,ARC-AGI-2,arc_agi_2,invalid_grid,,parse_error,,42273.34807800071
20260716T155616Z_opencode-glm-5.2_15691f67,pilot-glm52-agi2-n120,opencode-glm-5.2,glm-5.2,4e34c42c,2,1,ARC-AGI-2,arc_agi_2,ok,False,shape_error,0.0,57549.52771799981
20260716T155616Z_opencode-glm-5.2_15691f67,pilot-glm52-agi2-n120,opencode-glm-5.2,glm-5.2,53fb4810,1,1,ARC-AGI-2,arc_agi_2,invalid_grid,,parse_error,,62501.907783000206
20260716T155616Z_opencode-glm-5.2_15691f67,pilot-glm52-agi2-n120,opencode-glm-5.2,glm-5.2,5545f144,1,1,ARC-AGI-2,arc_agi_2,invalid_grid,,parse_error,,134430.46005900032
20260716T155616Z_opencode-glm-5.2_15691f67,pilot-glm52-agi2-n120,opencode-glm-5.2,glm-5.2,581f7754,1,1,ARC-AGI-2,arc_agi_2,invalid_grid,,parse_error,,82269.9443750007
20260716T155616Z_opencode-glm-5.2_15691f67,pilot-glm52-agi2-n120,opencode-glm-5.2,glm-5.2,581f7754,2,1,ARC-AGI-2,arc_agi_2,ok,False,shape_error,0.0,64572.6263889992
20260716T155616Z_opencode-glm-5.2_15691f67,pilot-glm52-agi2-n120,opencode-glm-5.2,glm-5.2,58490d8a,1,1,ARC-AGI-2,arc_agi_2,ok,False,shape_error,0.23232323232323232,80262.09487000051
20260716T155616Z_opencode-glm-5.2_15691f67,pilot-glm52-agi2-n120,opencode-glm-5.2,glm-5.2,58f5dbd5,1,1,ARC-AGI-2,arc_agi_2,invalid_grid,,parse_error,,45855.81092299981
20260716T155616Z_opencode-glm-5.2_15691f67,pilot-glm52-agi2-n120,opencode-glm-5.2,glm-5.2,5961cc34,1,1,ARC-AGI-2,arc_agi_2,invalid_grid,,parse_error,,40615.04452200097
20260716T155616Z_opencode-glm-5.2_15691f67,pilot-glm52-agi2-n120,opencode-glm-5.2,glm-5.2,5dbc8537,1,1,ARC-AGI-2,arc_agi_2,invalid_grid,,parse_error,,46299.96404799931
20260716T155616Z_opencode-glm-5.2_15691f67,pilot-glm52-agi2-n120,opencode-glm-5.2,glm-5.2,5dbc8537,2,1,ARC-AGI-2,arc_agi_2,invalid_grid,,parse_error,,41712.541409999176
20260716T155616Z_opencode-glm-5.2_15691f67,pilot-glm52-agi2-n120,opencode-glm-5.2,glm-5.2,62593bfd,1,1,ARC-AGI-2,arc_agi_2,invalid_grid,,parse_error,,55894.564493999496
20260716T155616Z_opencode-glm-5.2_15691f67,pilot-glm52-agi2-n120,opencode-glm-5.2,glm-5.2,62593bfd,2,1,ARC-AGI-2,arc_agi_2,no_json_array,,parse_error,,40553.380039998956
20260716T155616Z_opencode-glm-5.2_15691f67,pilot-glm52-agi2-n120,opencode-glm-5.2,glm-5.2,64efde09,1,1,ARC-AGI-2,arc_agi_2,invalid_grid,,parse_error,,49333.624175000296
20260716T155616Z_opencode-glm-5.2_15691f67,pilot-glm52-agi2-n120,opencode-glm-5.2,glm-5.2,65b59efc,1,1,ARC-AGI-2,arc_agi_2,ok,False,shape_error,0.0592,36301.10306500137
20260716T155616Z_opencode-glm-5.2_15691f67,pilot-glm52-agi2-n120,opencode-glm-5.2,glm-5.2,65b59efc,2,1,ARC-AGI-2,arc_agi_2,invalid_grid,,parse_error,,54732.201508999424
20260716T155616Z_opencode-glm-5.2_15691f67,pilot-glm52-agi2-n120,opencode-glm-5.2,glm-5.2,67e490f4,1,1,ARC-AGI-2,arc_agi_2,invalid_grid,,parse_error,,83046.08898399965
20260716T155616Z_opencode-glm-5.2_15691f67,pilot-glm52-agi2-n120,opencode-glm-5.2,glm-5.2,6e453dd6,1,1,ARC-AGI-2,arc_agi_2,invalid_grid,,parse_error,,58759.39145099983
20260716T155616Z_opencode-glm-5.2_15691f67,pilot-glm52-agi2-n120,opencode-glm-5.2,glm-5.2,6e4f6532,1,1,ARC-AGI-2,arc_agi_2,invalid_grid,,parse_error,,51037.198264000835
20260716T155616Z_opencode-glm-5.2_15691f67,pilot-glm52-agi2-n120,opencode-glm-5.2,glm-5.2,6e4f6532,2,1,ARC-AGI-2,arc_agi_2,invalid_grid,,parse_error,,50154.39615000105
20260716T155616Z_opencode-glm-5.2_15691f67,pilot-glm52-agi2-n120,opencode-glm-5.2,glm-5.2,6ffbe589,1,1,ARC-AGI-2,arc_agi_2,invalid_grid,,parse_error,,52662.410394999824
20260716T155616Z_opencode-glm-5.2_15691f67,pilot-glm52-agi2-n120,opencode-glm-5.2,glm-5.2,71e489b6,1,1,ARC-AGI-2,arc_agi_2,invalid_grid,,parse_error,,67829.23494299939
20260716T155616Z_opencode-glm-5.2_15691f67,pilot-glm52-agi2-n120,opencode-glm-5.2,glm-5.2,71e489b6,2,1,ARC-AGI-2,arc_agi_2,invalid_grid,,parse_error,,52059.01778099906
20260716T155616Z_opencode-glm-5.2_15691f67,pilot-glm52-agi2-n120,opencode-glm-5.2,glm-5.2,7491f3cf,1,1,ARC-AGI-2,arc_agi_2,invalid_grid,,parse_error,,42503.15785699968
20260716T155616Z_opencode-glm-5.2_15691f67,pilot-glm52-agi2-n120,opencode-glm-5.2,glm-5.2,7666fa5d,1,1,ARC-AGI-2,arc_agi_2,invalid_grid,,parse_error,,53565.370751000955
20260716T155616Z_opencode-glm-5.2_15691f67,pilot-glm52-agi2-n120,opencode-glm-5.2,glm-5.2,78332cb0,1,1,ARC-AGI-2,arc_agi_2,no_json_array,,parse_error,,80867.39880999994
20260716T155616Z_opencode-glm-5.2_15691f67,pilot-glm52-agi2-n120,opencode-glm-5.2,glm-5.2,78332cb0,2,1,ARC-AGI-2,arc_agi_2,no_json_array,,parse_error,,66949.84331399974
20260716T155616Z_opencode-glm-5.2_15691f67,pilot-glm52-agi2-n120,opencode-glm-5.2,glm-5.2,7b0280bc,1,1,ARC-AGI-2,arc_agi_2,invalid_grid,,parse_error,,40981.437317999735
20260716T155616Z_opencode-glm-5.2_15691f67,pilot-glm52-agi2-n120,opencode-glm-5.2,glm-5.2,7b3084d4,1,1,ARC-AGI-2,arc_agi_2,ok,False,shape_error,0.025510204081632654,52166.12825899938
20260716T155616Z_opencode-glm-5.2_15691f67,pilot-glm52-agi2-n120,opencode-glm-5.2,glm-5.2,7b5033c1,1,1,ARC-AGI-2,arc_agi_2,ok,False,spatial_error,0.84,61911.627566998504
20260716T155616Z_opencode-glm-5.2_15691f67,pilot-glm52-agi2-n120,opencode-glm-5.2,glm-5.2,7b80bb43,1,1,ARC-AGI-2,arc_agi_2,invalid_grid,,parse_error,,57136.368961999324
20260716T155616Z_opencode-glm-5.2_15691f67,pilot-glm52-agi2-n120,opencode-glm-5.2,glm-5.2,7c66cb00,1,1,ARC-AGI-2,arc_agi_2,invalid_grid,,parse_error,,57753.61878900003
20260716T155616Z_opencode-glm-5.2_15691f67,pilot-glm52-agi2-n120,opencode-glm-5.2,glm-5.2,7ed72f31,1,1,ARC-AGI-2,arc_agi_2,invalid_grid,,parse_error,,59559.76706599904
20260716T155616Z_opencode-glm-5.2_15691f67,pilot-glm52-agi2-n120,opencode-glm-5.2,glm-5.2,7ed72f31,2,1,ARC-AGI-2,arc_agi_2,invalid_grid,,parse_error,,51521.804392001286
20260716T155616Z_opencode-glm-5.2_15691f67,pilot-glm52-agi2-n120,opencode-glm-5.2,glm-5.2,800d221b,1,1,ARC-AGI-2,arc_agi_2,invalid_grid,,parse_error,,98597.07368599993
20260716T155616Z_opencode-glm-5.2_15691f67,pilot-glm52-agi2-n120,opencode-glm-5.2,glm-5.2,80a900e0,1,1,ARC-AGI-2,arc_agi_2,invalid_grid,,parse_error,,50371.2578930008
20260716T155616Z_opencode-glm-5.2_15691f67,pilot-glm52-agi2-n120,opencode-glm-5.2,glm-5.2,8698868d,1,1,ARC-AGI-2,arc_agi_2,invalid_grid,,parse_error,,58526.31599599954
20260716T155616Z_opencode-glm-5.2_15691f67,pilot-glm52-agi2-n120,opencode-glm-5.2,glm-5.2,88bcf3b4,1,1,ARC-AGI-2,arc_agi_2,ok,False,shape_error,0.0,53733.66688100032
20260716T155616Z_opencode-glm-5.2_15691f67,pilot-glm52-agi2-n120,opencode-glm-5.2,glm-5.2,88bcf3b4,2,1,ARC-AGI-2,arc_agi_2,invalid_grid,,parse_error,,49839.03134200045
20260716T155616Z_opencode-glm-5.2_15691f67,pilot-glm52-agi2-n120,opencode-glm-5.2,glm-5.2,88e364bc,1,1,ARC-AGI-2,arc_agi_2,invalid_grid,,parse_error,,49380.958681000266
20260716T155616Z_opencode-glm-5.2_15691f67,pilot-glm52-agi2-n120,opencode-glm-5.2,glm-5.2,88e364bc,2,1,ARC-AGI-2,arc_agi_2,invalid_grid,,parse_error,,40446.7578849999
20260716T155616Z_opencode-glm-5.2_15691f67,pilot-glm52-agi2-n120,opencode-glm-5.2,glm-5.2,89565ca0,1,1,ARC-AGI-2,arc_agi_2,ok,False,shape_error,0.23333333333333334,56729.142858999694
20260716T155616Z_opencode-glm-5.2_15691f67,pilot-glm52-agi2-n120,opencode-glm-5.2,glm-5.2,898e7135,1,1,ARC-AGI-2,arc_agi_2,invalid_grid,,parse_error,,48402.45870000035
20260716T155616Z_opencode-glm-5.2_15691f67,pilot-glm52-agi2-n120,opencode-glm-5.2,glm-5.2,8b7bacbf,1,1,ARC-AGI-2,arc_agi_2,invalid_grid,,parse_error,,70779.06722499938
20260716T155616Z_opencode-glm-5.2_15691f67,pilot-glm52-agi2-n120,opencode-glm-5.2,glm-5.2,8b7bacbf,2,1,ARC-AGI-2,arc_agi_2,invalid_grid,,parse_error,,44926.8298470015
20260716T155616Z_opencode-glm-5.2_15691f67,pilot-glm52-agi2-n120,opencode-glm-5.2,glm-5.2,8b9c3697,1,1,ARC-AGI-2,arc_agi_2,invalid_grid,,parse_error,,51663.02379099943
20260716T155616Z_opencode-glm-5.2_15691f67,pilot-glm52-agi2-n120,opencode-glm-5.2,glm-5.2,8e5c0c38,1,1,ARC-AGI-2,arc_agi_2,ok,False,shape_error,0.002066115702479339,65400.81839099912
20260716T155616Z_opencode-glm-5.2_15691f67,pilot-glm52-agi2-n120,opencode-glm-5.2,glm-5.2,8e5c0c38,2,1,ARC-AGI-2,arc_agi_2,invalid_grid,,parse_error,,60332.83833300084
20260716T155616Z_opencode-glm-5.2_15691f67,pilot-glm52-agi2-n120,opencode-glm-5.2,glm-5.2,8f215267,1,1,ARC-AGI-2,arc_agi_2,invalid_grid,,parse_error,,43807.740800999454
20260716T155616Z_opencode-glm-5.2_15691f67,pilot-glm52-agi2-n120,opencode-glm-5.2,glm-5.2,8f3a5a89,1,1,ARC-AGI-2,arc_agi_2,invalid_grid,,parse_error,,76037.15685399948
20260716T155616Z_opencode-glm-5.2_15691f67,pilot-glm52-agi2-n120,opencode-glm-5.2,glm-5.2,9385bd28,1,1,ARC-AGI-2,arc_agi_2,invalid_grid,,parse_error,,47884.22320099926
20260716T155616Z_opencode-glm-5.2_15691f67,pilot-glm52-agi2-n120,opencode-glm-5.2,glm-5.2,9385bd28,2,1,ARC-AGI-2,arc_agi_2,ok,False,shape_error,0.0,56506.56388599964
20260716T155616Z_opencode-glm-5.2_15691f67,pilot-glm52-agi2-n120,opencode-glm-5.2,glm-5.2,97d7923e,1,1,ARC-AGI-2,arc_agi_2,invalid_grid,,parse_error,,60397.75529100007
20260716T155616Z_opencode-glm-5.2_15691f67,pilot-glm52-agi2-n120,opencode-glm-5.2,glm-5.2,981571dc,1,1,ARC-AGI-2,arc_agi_2,invalid_grid,,parse_error,,40242.43025599935
20260716T155616Z_opencode-glm-5.2_15691f67,pilot-glm52-agi2-n120,opencode-glm-5.2,glm-5.2,9aaea919,1,1,ARC-AGI-2,arc_agi_2,no_json_array,,parse_error,,60412.85660200083
20260716T155616Z_opencode-glm-5.2_15691f67,pilot-glm52-agi2-n120,opencode-glm-5.2,glm-5.2,9bbf930d,1,1,ARC-AGI-2,arc_agi_2,invalid_grid,,parse_error,,43007.74281200029
20260716T155616Z_opencode-glm-5.2_15691f67,pilot-glm52-agi2-n120,opencode-glm-5.2,glm-5.2,a251c730,1,1,ARC-AGI-2,arc_agi_2,no_json_array,,parse_error,,69018.14797800034
20260716T155616Z_opencode-glm-5.2_15691f67,pilot-glm52-agi2-n120,opencode-glm-5.2,glm-5.2,a25697e4,1,1,ARC-AGI-2,arc_agi_2,invalid_grid,,parse_error,,37609.48214200107
20260716T155616Z_opencode-glm-5.2_15691f67,pilot-glm52-agi2-n120,opencode-glm-5.2,glm-5.2,a25697e4,2,1,ARC-AGI-2,arc_agi_2,invalid_grid,,parse_error,,76776.9345200013
20260716T155616Z_opencode-glm-5.2_15691f67,pilot-glm52-agi2-n120,opencode-glm-5.2,glm-5.2,a32d8b75,1,1,ARC-AGI-2,arc_agi_2,invalid_grid,,parse_error,,45074.82861599965
20260716T155616Z_opencode-glm-5.2_15691f67,pilot-glm52-agi2-n120,opencode-glm-5.2,glm-5.2,a32d8b75,2,1,ARC-AGI-2,arc_agi_2,ok,False,shape_error,0.0,46696.37871000123
20260716T155616Z_opencode-glm-5.2_15691f67,pilot-glm52-agi2-n120,opencode-glm-5.2,glm-5.2,a395ee82,1,1,ARC-AGI-2,arc_agi_2,invalid_grid,,parse_error,,67196.55733199943
20260716T155616Z_opencode-glm-5.2_15691f67,pilot-glm52-agi2-n120,opencode-glm-5.2,glm-5.2,a47bf94d,1,1,ARC-AGI-2,arc_agi_2,invalid_grid,,parse_error,,55580.08481199977
20260716T155616Z_opencode-glm-5.2_15691f67,pilot-glm52-agi2-n120,opencode-glm-5.2,glm-5.2,a6f40cea,1,1,ARC-AGI-2,arc_agi_2,ok,False,shape_error,0.025,51179.14084199947
20260716T155616Z_opencode-glm-5.2_15691f67,pilot-glm52-agi2-n120,opencode-glm-5.2,glm-5.2,aa4ec2a5,1,1,ARC-AGI-2,arc_agi_2,no_json_array,,parse_error,,37633.321000999786
20260716T155616Z_opencode-glm-5.2_15691f67,pilot-glm52-agi2-n120,opencode-glm-5.2,glm-5.2,abc82100,1,1,ARC-AGI-2,arc_agi_2,invalid_grid,,parse_error,,61207.94047100026
20260716T155616Z_opencode-glm-5.2_15691f67,pilot-glm52-agi2-n120,opencode-glm-5.2,glm-5.2,b0039139,1,1,ARC-AGI-2,arc_agi_2,ok,False,shape_error,0.0,24315.399650000472
20260716T155616Z_opencode-glm-5.2_15691f67,pilot-glm52-agi2-n120,opencode-glm-5.2,glm-5.2,b0039139,2,1,ARC-AGI-2,arc_agi_2,ok,False,shape_error,0.034482758620689655,45952.11890800056
20260716T155616Z_opencode-glm-5.2_15691f67,pilot-glm52-agi2-n120,opencode-glm-5.2,glm-5.2,b10624e5,1,1,ARC-AGI-2,arc_agi_2,invalid_grid,,parse_error,,24981.87040099947
20260716T155616Z_opencode-glm-5.2_15691f67,pilot-glm52-agi2-n120,opencode-glm-5.2,glm-5.2,b5ca7ac4,1,1,ARC-AGI-2,arc_agi_2,no_json_array,,parse_error,,47649.55064399874
20260716T155616Z_opencode-glm-5.2_15691f67,pilot-glm52-agi2-n120,opencode-glm-5.2,glm-5.2,b6f77b65,1,1,ARC-AGI-2,arc_agi_2,invalid_grid,,parse_error,,35190.958185001364
20260716T155616Z_opencode-glm-5.2_15691f67,pilot-glm52-agi2-n120,opencode-glm-5.2,glm-5.2,b6f77b65,2,1,ARC-AGI-2,arc_agi_2,no_json_array,,parse_error,,51009.40889500089
20260716T155616Z_opencode-glm-5.2_15691f67,pilot-glm52-agi2-n120,opencode-glm-5.2,glm-5.2,b99e7126,1,1,ARC-AGI-2,arc_agi_2,invalid_grid,,parse_error,,38870.97534399982
20260716T155616Z_opencode-glm-5.2_15691f67,pilot-glm52-agi2-n120,opencode-glm-5.2,glm-5.2,b9e38dc0,1,1,ARC-AGI-2,arc_agi_2,invalid_grid,,parse_error,,35614.31104999974
20260716T155616Z_opencode-glm-5.2_15691f67,pilot-glm52-agi2-n120,opencode-glm-5.2,glm-5.2,bf45cf4b,1,1,ARC-AGI-2,arc_agi_2,ok,False,shape_error,0.0,37967.019858999265
20260716T155616Z_opencode-glm-5.2_15691f67,pilot-glm52-agi2-n120,opencode-glm-5.2,glm-5.2,c4d067a0,1,1,ARC-AGI-2,arc_agi_2,invalid_grid,,parse_error,,30152.498053999807
20260716T155616Z_opencode-glm-5.2_15691f67,pilot-glm52-agi2-n120,opencode-glm-5.2,glm-5.2,c7f57c3e,1,1,ARC-AGI-2,arc_agi_2,no_json_array,,parse_error,,38677.377867999894
20260716T155616Z_opencode-glm-5.2_15691f67,pilot-glm52-agi2-n120,opencode-glm-5.2,glm-5.2,cb2d8a2c,1,1,ARC-AGI-2,arc_agi_2,invalid_grid,,parse_error,,38634.45955399948
20260716T155616Z_opencode-glm-5.2_15691f67,pilot-glm52-agi2-n120,opencode-glm-5.2,glm-5.2,cb2d8a2c,2,1,ARC-AGI-2,arc_agi_2,invalid_grid,,parse_error,,23038.6690059986
20260716T155616Z_opencode-glm-5.2_15691f67,pilot-glm52-agi2-n120,opencode-glm-5.2,glm-5.2,cbebaa4b,1,1,ARC-AGI-2,arc_agi_2,invalid_grid,,parse_error,,23653.194144000736
20260716T155616Z_opencode-glm-5.2_15691f67,pilot-glm52-agi2-n120,opencode-glm-5.2,glm-5.2,cbebaa4b,2,1,ARC-AGI-2,arc_agi_2,invalid_grid,,parse_error,,42188.34733800031
20260716T155616Z_opencode-glm-5.2_15691f67,pilot-glm52-agi2-n120,opencode-glm-5.2,glm-5.2,d35bdbdc,1,1,ARC-AGI-2,arc_agi_2,invalid_grid,,parse_error,,33076.74319299986
20260716T155616Z_opencode-glm-5.2_15691f67,pilot-glm52-agi2-n120,opencode-glm-5.2,glm-5.2,d35bdbdc,2,1,ARC-AGI-2,arc_agi_2,ok,False,shape_error,0.0,24655.014676000064
20260716T155616Z_opencode-glm-5.2_15691f67,pilot-glm52-agi2-n120,opencode-glm-5.2,glm-5.2,d35bdbdc,3,1,ARC-AGI-2,arc_agi_2,no_json_array,,parse_error,,45158.860273000755
20260716T155616Z_opencode-glm-5.2_15691f67,pilot-glm52-agi2-n120,opencode-glm-5.2,glm-5.2,d59b0160,1,1,ARC-AGI-2,arc_agi_2,invalid_grid,,parse_error,,36382.58273599968
20260716T155616Z_opencode-glm-5.2_15691f67,pilot-glm52-agi2-n120,opencode-glm-5.2,glm-5.2,d8e07eb2,1,1,ARC-AGI-2,arc_agi_2,ok,False,shape_error,0.0,45228.46708900033
20260716T155616Z_opencode-glm-5.2_15691f67,pilot-glm52-agi2-n120,opencode-glm-5.2,glm-5.2,d8e07eb2,2,1,ARC-AGI-2,arc_agi_2,invalid_grid,,parse_error,,32926.6395249997
20260716T155616Z_opencode-glm-5.2_15691f67,pilot-glm52-agi2-n120,opencode-glm-5.2,glm-5.2,da515329,1,1,ARC-AGI-2,arc_agi_2,invalid_grid,,parse_error,,29138.497744999768
20260716T155616Z_opencode-glm-5.2_15691f67,pilot-glm52-agi2-n120,opencode-glm-5.2,glm-5.2,db0c5428,1,1,ARC-AGI-2,arc_agi_2,no_json_array,,parse_error,,28691.978160000872
20260716T155616Z_opencode-glm-5.2_15691f67,pilot-glm52-agi2-n120,opencode-glm-5.2,glm-5.2,db695cfb,1,1,ARC-AGI-2,arc_agi_2,invalid_grid,,parse_error,,38305.29189899971
20260716T155616Z_opencode-glm-5.2_15691f67,pilot-glm52-agi2-n120,opencode-glm-5.2,glm-5.2,dbff022c,1,1,ARC-AGI-2,arc_agi_2,invalid_grid,,parse_error,,38710.31420500003
20260716T155616Z_opencode-glm-5.2_15691f67,pilot-glm52-agi2-n120,opencode-glm-5.2,glm-5.2,dd6b8c4b,1,1,ARC-AGI-2,arc_agi_2,no_json_array,,parse_error,,38454.47854199847
20260716T155616Z_opencode-glm-5.2_15691f67,pilot-glm52-agi2-n120,opencode-glm-5.2,glm-5.2,dd6b8c4b,2,1,ARC-AGI-2,arc_agi_2,no_json_array,,parse_error,,41852.885887999946
20260716T155616Z_opencode-glm-5.2_15691f67,pilot-glm52-agi2-n120,opencode-glm-5.2,glm-5.2,de809cff,1,1,ARC-AGI-2,arc_agi_2,invalid_grid,,parse_error,,58582.150987000205
20260716T155616Z_opencode-glm-5.2_15691f67,pilot-glm52-agi2-n120,opencode-glm-5.2,glm-5.2,dfadab01,1,1,ARC-AGI-2,arc_agi_2,invalid_grid,,parse_error,,40242.03973600015
20260716T155616Z_opencode-glm-5.2_15691f67,pilot-glm52-agi2-n120,opencode-glm-5.2,glm-5.2,e12f9a14,1,1,ARC-AGI-2,arc_agi_2,invalid_grid,,parse_error,,41714.59467800014
20260716T155616Z_opencode-glm-5.2_15691f67,pilot-glm52-agi2-n120,opencode-glm-5.2,glm-5.2,e12f9a14,2,1,ARC-AGI-2,arc_agi_2,invalid_grid,,parse_error,,35111.25633299889
20260716T155616Z_opencode-glm-5.2_15691f67,pilot-glm52-agi2-n120,opencode-glm-5.2,glm-5.2,e3721c99,1,1,ARC-AGI-2,arc_agi_2,invalid_grid,,parse_error,,51746.80596500002
20260716T155616Z_opencode-glm-5.2_15691f67,pilot-glm52-agi2-n120,opencode-glm-5.2,glm-5.2,e3721c99,2,1,ARC-AGI-2,arc_agi_2,invalid_grid,,parse_error,,56799.981275999016
20260716T155616Z_opencode-glm-5.2_15691f67,pilot-glm52-agi2-n120,opencode-glm-5.2,glm-5.2,e376de54,1,1,ARC-AGI-2,arc_agi_2,ok,False,symbol_error,0.8515625,23699.5768350007
20260716T155616Z_opencode-glm-5.2_15691f67,pilot-glm52-agi2-n120,opencode-glm-5.2,glm-5.2,e8686506,1,1,ARC-AGI-2,arc_agi_2,ok,False,symbol_error,0.0,45654.18901399971
20260716T155616Z_opencode-glm-5.2_15691f67,pilot-glm52-agi2-n120,opencode-glm-5.2,glm-5.2,e87109e9,1,1,ARC-AGI-2,arc_agi_2,invalid_grid,,parse_error,,44872.58942100016
20260716T155616Z_opencode-glm-5.2_15691f67,pilot-glm52-agi2-n120,opencode-glm-5.2,glm-5.2,edb79dae,1,1,ARC-AGI-2,arc_agi_2,invalid_grid,,parse_error,,41218.12434599997
20260716T155616Z_opencode-glm-5.2_15691f67,pilot-glm52-agi2-n120,opencode-glm-5.2,glm-5.2,eee78d87,1,1,ARC-AGI-2,arc_agi_2,invalid_grid,,parse_error,,33388.61827400069
20260716T155616Z_opencode-glm-5.2_15691f67,pilot-glm52-agi2-n120,opencode-glm-5.2,glm-5.2,f560132c,1,1,ARC-AGI-2,arc_agi_2,ok,False,shape_error,0.027777777777777776,49492.150754998875
20260716T155616Z_opencode-glm-5.2_15691f67,pilot-glm52-agi2-n120,opencode-glm-5.2,glm-5.2,f931b4a8,1,1,ARC-AGI-2,arc_agi_2,ok,False,shape_error,0.0375,44431.40921700069
20260716T155616Z_opencode-glm-5.2_15691f67,pilot-glm52-agi2-n120,opencode-glm-5.2,glm-5.2,f931b4a8,2,1,ARC-AGI-2,arc_agi_2,ok,False,symbol_error,0.0,34732.282155000576
20260716T155616Z_opencode-glm-5.2_15691f67,pilot-glm52-agi2-n120,opencode-glm-5.2,glm-5.2,faa9f03d,1,1,ARC-AGI-2,arc_agi_2,ok,False,symbol_error,0.8263888888888888,30825.738197001556
20260716T155616Z_opencode-glm-5.2_15691f67,pilot-glm52-agi2-n120,opencode-glm-5.2,glm-5.2,fc7cae8d,1,1,ARC-AGI-2,arc_agi_2,ok,False,shape_error,0.029166666666666667,36581.65204500074
